"mean","stdev","variance"
1.26560671276275,3.22203909348354,10.3815359199363
